{
  "meta": {
    "code": 200
  },
  "data": [
    {
      "profile_picture":"https://instagram.fblr2-1.fna.fbcdn.net/vp/1eb4d700c68cc4d8ce3100992ab1f027/5DF1075C/t51.2885-19/s320x320/34601319_785833888281131_1307036407339941888_n.jpg?_nc_ht=instagram.fblr2-1.fna.fbcdn.net",
      "profile_name":"im_agentofchaos",
      "post_image":"https://instagram.fblr2-1.fna.fbcdn.net/vp/7d3070261c49da10c0e098402c427a47/5E05FB7C/t51.2885-15/sh0.08/e35/s750x750/70006690_132333688059658_4635520237952980715_n.jpg?_nc_ht=instagram.fblr2-1.fna.fbcdn.net&_nc_cat=110",
      "views":"16,5000 views"
    },
    {
      "profile_picture":"https://instagram.fblr2-1.fna.fbcdn.net/vp/1eb4d700c68cc4d8ce3100992ab1f027/5DF1075C/t51.2885-19/s320x320/34601319_785833888281131_1307036407339941888_n.jpg?_nc_ht=instagram.fblr2-1.fna.fbcdn.net",
      "profile_name":"im_agentofchaos",
      "post_image":"https://instagram.fblr2-1.fna.fbcdn.net/vp/7d3070261c49da10c0e098402c427a47/5E05FB7C/t51.2885-15/sh0.08/e35/s750x750/70006690_132333688059658_4635520237952980715_n.jpg?_nc_ht=instagram.fblr2-1.fna.fbcdn.net&_nc_cat=110",
      "views":"16,5000 views"
    },
    {
      "profile_picture":"https://instagram.fblr2-1.fna.fbcdn.net/vp/1eb4d700c68cc4d8ce3100992ab1f027/5DF1075C/t51.2885-19/s320x320/34601319_785833888281131_1307036407339941888_n.jpg?_nc_ht=instagram.fblr2-1.fna.fbcdn.net",
      "profile_name":"im_agentofchaos",
      "post_image":"https://instagram.fblr2-1.fna.fbcdn.net/vp/7d3070261c49da10c0e098402c427a47/5E05FB7C/t51.2885-15/sh0.08/e35/s750x750/70006690_132333688059658_4635520237952980715_n.jpg?_nc_ht=instagram.fblr2-1.fna.fbcdn.net&_nc_cat=110",
      "views":"16,5000 views"
    },
    {
      "profile_picture":"https://instagram.fblr2-1.fna.fbcdn.net/vp/1eb4d700c68cc4d8ce3100992ab1f027/5DF1075C/t51.2885-19/s320x320/34601319_785833888281131_1307036407339941888_n.jpg?_nc_ht=instagram.fblr2-1.fna.fbcdn.net",
      "profile_name":"im_agentofchaos",
      "post_image":"https://instagram.fblr2-1.fna.fbcdn.net/vp/7d3070261c49da10c0e098402c427a47/5E05FB7C/t51.2885-15/sh0.08/e35/s750x750/70006690_132333688059658_4635520237952980715_n.jpg?_nc_ht=instagram.fblr2-1.fna.fbcdn.net&_nc_cat=110",
      "views":"16,5000 views"
    },
    {
      "profile_picture":"https://instagram.fblr2-1.fna.fbcdn.net/vp/1eb4d700c68cc4d8ce3100992ab1f027/5DF1075C/t51.2885-19/s320x320/34601319_785833888281131_1307036407339941888_n.jpg?_nc_ht=instagram.fblr2-1.fna.fbcdn.net",
      "profile_name":"im_agentofchaos",
      "post_image":"https://instagram.fblr2-1.fna.fbcdn.net/vp/7d3070261c49da10c0e098402c427a47/5E05FB7C/t51.2885-15/sh0.08/e35/s750x750/70006690_132333688059658_4635520237952980715_n.jpg?_nc_ht=instagram.fblr2-1.fna.fbcdn.net&_nc_cat=110",
      "views":"16,5000 views"
    }
  ]
}